{
  "value": {
    "A->BC1.DBC1->B.C_total_0r": 0.2571658713310183,
    "A->BC1.DBC1->B.C_total_0i": 0.0,
    "A->BC2.DBC2->B.C_total_0r": 0.7715457609843105,
    "A->BC2.DBC2->B.C_total_0i": -0.06825044621345776,
    "A->CD1.BCD1->C.D_total_0r": 0.26587708430930195,
    "A->CD1.BCD1->C.D_total_0i": 1.3684582248330794,
    "A->CD2.BCD2->C.D_total_0r": 0.2325553676881317,
    "A->CD2.BCD2->C.D_total_0i": 2.1853999022969846,
    "A->CD3.BCD3->C.D_total_0r": 0.2325553676881317,
    "A->CD3.BCD3->C.D_total_0i": 2.1853999022969846,
  }
}
