{
  "Ds2(2573)_mass": 2.5691,
  "Ds2(2573)_width": 0.0169,
  "Ds1(2700)_mass": 2.714,
  "Ds1(2700)_width": 0.122,
  "Ds1(2860)_mass": 2.859,
  "Ds1(2860)_width": 0.15,
  "NR_S_a": 0.476,
  "NR_S_b": 0.0,
  "X0(2900)_mass": 2.883,
  "X0(2900)_width": 0.087,
  "B->Ds2(2573).D2Ds2(2573)->K.D1_total_0r": -0.06596943607569836,
  "B->Ds2(2573).D2Ds2(2573)->K.D1_total_0i": -0.16722484958723538,
  "B->Ds2(2573).D2_g_ls_0r": 1.0,
  "B->Ds2(2573).D2_g_ls_0i": 0.0,
  "Ds2(2573)->K.D1_g_ls_0r": 1.0,
  "Ds2(2573)->K.D1_g_ls_0i": 0.0,
  "B->Ds1(2700).D2Ds1(2700)->K.D1_total_0r": 0.75798219059749,
  "B->Ds1(2700).D2Ds1(2700)->K.D1_total_0i": 0.0,
  "B->Ds1(2700).D2_g_ls_0r": 1.0,
  "B->Ds1(2700).D2_g_ls_0i": 0.0,
  "Ds1(2700)->K.D1_g_ls_0r": 1.0,
  "Ds1(2700)->K.D1_g_ls_0i": 0.0,
  "B->Ds1(2860).D2Ds1(2860)->K.D1_total_0r": -0.20343118298156274,
  "B->Ds1(2860).D2Ds1(2860)->K.D1_total_0i": 0.3051467744723441,
  "B->Ds1(2860).D2_g_ls_0r": 1.0,
  "B->Ds1(2860).D2_g_ls_0i": 0.0,
  "Ds1(2860)->K.D1_g_ls_0r": 1.0,
  "Ds1(2860)->K.D1_g_ls_0i": 0.0,
  "B->NR_S.D2NR_S->K.D1_total_0r": 9.512676408800857,
  "B->NR_S.D2NR_S->K.D1_total_0i": -17.724473992466557,
  "B->NR_S.D2_g_ls_0r": 1.0,
  "B->NR_S.D2_g_ls_0i": 0.0,
  "NR_S->K.D1_g_ls_0r": 1.0,
  "NR_S->K.D1_g_ls_0i": 0.0,
  "B->NR_P.D2NR_P->K.D1_total_0r": 0.9983410626208932,
  "B->NR_P.D2NR_P->K.D1_total_0i": 0.1455914049655469,
  "B->NR_P.D2_g_ls_0r": 1.0,
  "B->NR_P.D2_g_ls_0i": 0.0,
  "NR_P->K.D1_g_ls_0r": 1.0,
  "NR_P->K.D1_g_ls_0i": 0.0,
  "B->X0(2900).D1X0(2900)->D2.K_total_0r": -0.06670875237578139,
  "B->X0(2900).D1X0(2900)->D2.K_total_0i": 0.05003156428183604,
  "B->X0(2900).D1_g_ls_0r": 1.0,
  "B->X0(2900).D1_g_ls_0i": 0.0,
  "X0(2900)->D2.K_g_ls_0r": 1.0,
  "X0(2900)->D2.K_g_ls_0i": 0.0
}