{
  "psi(3770)_mass": 3.7781,
  "psi(3770)_width": 0.0272,
  "chi(c0)(3930)_mass": 3.9238,
  "chi(c0)(3930)_width": 0.0174,
  "chi(c2)(3930)_mass": 3.9268,
  "chi(c2)(3930)_width": 0.0342,
  "psi(4040)_mass": 4.039,
  "psi(4040)_width": 0.08,
  "psi(4160)_mass": 4.191,
  "psi(4160)_width": 0.07,
  "psi(4415)_mass": 4.421,
  "psi(4415)_width": 0.062,
  "X0(2900)_mass": 2.866,
  "X0(2900)_width": 0.057,
  "X1(2900)_mass": 2.904,
  "X1(2900)_width": 0.11,
  "NR_a": 0.08,
  "NR_b": 0.0,
  "B->psi(3770).Kpsi(3770)->D1.D2_total_0r": 3.2161034189767745,
  "B->psi(3770).Kpsi(3770)->D1.D2_total_0i": 0.0,
  "B->psi(3770).K_g_ls_0r": 1.0,
  "B->psi(3770).K_g_ls_0i": 0.0,
  "psi(3770)->D1.D2_g_ls_0r": 1.0,
  "psi(3770)->D1.D2_g_ls_0i": 0.0,
  "B->chi(c0)(3930).Kchi(c0)(3930)->D1.D2_total_0r": 0.182126868567772,
  "B->chi(c0)(3930).Kchi(c0)(3930)->D1.D2_total_0i": 2.16,
  "B->chi(c0)(3930).K_g_ls_0r": 1.0,
  "B->chi(c0)(3930).K_g_ls_0i": 0.0,
  "chi(c0)(3930)->D1.D2_g_ls_0r": 1.0,
  "chi(c0)(3930)->D1.D2_g_ls_0i": 0.0,
  "B->chi(c2)(3930).Kchi(c2)(3930)->D1.D2_total_0r": 1.8573511665145663,
  "B->chi(c2)(3930).Kchi(c2)(3930)->D1.D2_total_0i": 0.83,
  "B->chi(c2)(3930).K_g_ls_0r": 1.0,
  "B->chi(c2)(3930).K_g_ls_0i": 0.0,
  "chi(c2)(3930)->D1.D2_g_ls_0r": 1.0,
  "chi(c2)(3930)->D1.D2_g_ls_0i": 0.0,
  "B->psi(4040).Kpsi(4040)->D1.D2_total_0r": 1.0171963908437798,
  "B->psi(4040).Kpsi(4040)->D1.D2_total_0i": 1.42,
  "B->psi(4040).K_g_ls_0r": 1.0,
  "B->psi(4040).K_g_ls_0i": 0.0,
  "psi(4040)->D1.D2_g_ls_0r": 1.0,
  "psi(4040)->D1.D2_g_ls_0i": 0.0,
  "B->psi(4160).Kpsi(4160)->D1.D2_total_0r": 1.0053623318236264,
  "B->psi(4160).Kpsi(4160)->D1.D2_total_0i": 0.9,
  "B->psi(4160).K_g_ls_0r": 1.0,
  "B->psi(4160).K_g_ls_0i": 0.0,
  "psi(4160)->D1.D2_g_ls_0r": 1.0,
  "psi(4160)->D1.D2_g_ls_0i": 0.0,
  "B->psi(4415).Kpsi(4415)->D1.D2_total_0r": 1.3138772096290423,
  "B->psi(4415).Kpsi(4415)->D1.D2_total_0i": -1.46,
  "B->psi(4415).K_g_ls_0r": 1.0,
  "B->psi(4415).K_g_ls_0i": 0.0,
  "psi(4415)->D1.D2_g_ls_0r": 1.0,
  "psi(4415)->D1.D2_g_ls_0i": 0.0,
  "B->X0(2900).D1X0(2900)->D2.K_total_0r": 0.2693670783852263,
  "B->X0(2900).D1X0(2900)->D2.K_total_0i": 1.09,
  "B->X0(2900).D1_g_ls_0r": 1.0,
  "B->X0(2900).D1_g_ls_0i": 0.0,
  "X0(2900)->D2.K_g_ls_0r": 1.0,
  "X0(2900)->D2.K_g_ls_0i": 0.0,
  "B->X1(2900).D1X1(2900)->D2.K_total_0r": 1.9235825633379278,
  "B->X1(2900).D1X1(2900)->D2.K_total_0i": 0.37,
  "B->X1(2900).D1_g_ls_0r": 1.0,
  "B->X1(2900).D1_g_ls_0i": 0.0,
  "X1(2900)->D2.K_g_ls_0r": 1.0,
  "X1(2900)->D2.K_g_ls_0i": 0.0,
  "B->NR.D1NR->D2.K_total_0r": 2.1392862916658366,
  "B->NR.D1NR->D2.K_total_0i": -2.41,
  "B->NR.D1_g_ls_0r": 1.0,
  "B->NR.D1_g_ls_0i": 0.0,
  "NR->D2.K_g_ls_0r": 1.0,
  "NR->D2.K_g_ls_0i": 0.0
}